Name,Lastname,Email,Mobile,Phone,Website,Notes,,,,,Michele,A'Court,,,,,,,,,,Jane ,Adams,,,,,,,,,,Graham ,Adams,,,,,,,,,,Mavis,Airey,,,,,,,,,,Natalie,Akoorie,,,,,,,,,,Karla,Akuhata,,,,,,,,,,Stephanie,Alexander,,,,,,,,,,Imran,Ali,,,,,,,,,,Claire ,Allfree,,,,,,,,,,Mark,Amery,,,,,,,,,,Carla,Amos,,,,,,,,,,Sangeeta,Anand,,,,,,,,,,Ian,Anderson,,,,,,,,,,Bruce ,Ansley,,,,,,,,,,Stacy ,Anyon,,,,,,,,,,Donna,Apes,,,,,AdvertorialsKirsty,Armstrong,,,,,John,Armstrong,,,,,Laurie,Atkinson,,,,,Kent,Atkinson,,,,,Elizabeth,Attwood,,,,,Russell,Baillie,,,,,David ,Baird,,,,,Kevin,Ball,,,,,Paul ,Baragwanath,,,,,Graeme ,Barlow,,,,,Helen,Barlow,,,,,Lyn ,Barnes,,,,,Tracey,Barnett,www.traceybarnett.co.nz,,,,Sarah,Barnett,,,,,Shaun,Barnett,,,,,Pat,BarrettMike,BarringtonRebecca,BarryMaggie,BarryLauren ,BartlettDeb,BartlettChris,BartonWarren ,BartonSue,BaxalleGlenys,BeanNathan,BeaumontDean,BedfordJacquetta,BellJoe,BennettAdam ,BennettCameron,BennettMichael ,Beverland,,,Niki ,Bezzant,,,Jan,Bilton,,,Peter,Bingham,,,Eugene ,Bingham,,,Tony,Bird,,,Jo,Birks,,,John,Bishop,,,Rowan,Bishop,,,Rod,Biss,,,Julie,Biuso,,,Joanne,Black,,,Vikki ,Bland,,,Sally,Blundell,,,Kay,Blundell,,,Guy,Body,,,Sandra,Bogart,sandra@bogart.co.nzSarah,Bol,Mary Jane,Boland,Linley,Boniface,Lynley,Boniface,Richard,Boock,Mike,Booker,Jarrod,Booker,Laura,Borrowdale,Martin,Bosley,Rosie,Bosworth,Chris ,Bourke,Jennifer ,Bowden,Jane ,Bowron,Eva,Bradley,Steve,Braunias,Richard,BrechtNicola,BrennanSusan,BrierlyRichard,BrimmerBob,BrockiePeter,BromheadBriton ,BrounDeirdre,BrownRachel,BrownHelen,BrownNathalie,BrownKath,BrownGordon,BrownRussell,BrownTony,BrownjohnDavid,BruceSusan ,BucklandCarol ,BucknellAlan ,BunceJason,BurgessLinda,BurgessRoy,BurkeKelly,BurnsGraeme ,BurrowDavid ,BurtonJo ,BurzynskaMartin,BusleyMargot,ButcherSally,ButtersJohn,ButtonJohn,ButtonMichele ,CabilingMatt,Calman,,,Lucy ,Campbell,,,Tom,Cardy,,,Bernard,Carpinter,,,Mike,Cartlidge,,,Nancy ,Cawley,,,Anna ,Chalmers,,,Jenny,Chamberlain,,,Frances,Chan,,,Adrian,Change,,,Warwick ,Church,,,Anna,Church,,,Nick ,Churchouse,,,Margie ,Clark,,,Connie,Clarkson,,,Paul ,Clearwater,,,Diana,ClementChloe,ClennellJane ,CliftonTrudi ,CoffellGary ,CoffellJayne,CoghlanEwan,ColemanMatthew ,CollingsSimon,CollinsMichael ,CollinsHamish,ConeyGlenn,ConwayStephen,CookMarjorie,CookMatt ,CooneyMichael ,CooperTracey,CooperTracy,CooperJan,CorbettJohn,CorbettMark,CornellKaty,CornerSonia,CottrellKate ,CoughlinBernadette,CourtneyMichele ,CrawshawMike,CreanAlyson,CresswellAnna ,CrichtonNathan,Crombui?Tim,CronshawLaura ,CrooksJames,CrootAmanda,CroppJoAnn,CrowleyNicole,Curin-BirchMichelle,CurranShayne,CurriedWheldon,Curzon-HobsonMichael ,DalyIan,DandoLiam,DannPrue,DashfieldGill,DavisIsaac,DavisonMark,DawsonTheo,de LeeuwAnna,DeanSteve,DeaneMatthew ,DearnaleyDiana,DekkerHannah,DicksonMike,DillonGraeme ,DingleMike,DinsdaleGreg,DixonAnthony,DoesburgPhillip,DonnellTim,DonoghueGeoff,DoubeMic,DoverGordon,DragovichJohn,DrinnanCarroll,du ChateauAdam ,DuddingIain,DuffyGwynne,DyerMervyn,DykesDavid,EamesMichael ,EastherPaul,EastonKristin,EdgeFrances,EdmondTony,EdmondsSam,EdwardsTim,EllisRod,EmmersonCarolyn,EntingGuyon,EspinerColin,EspinerTodd,EyrePhoebe,FalconerBrian,FallowDonna,FarmerJenny,FarrellSimon,Farrell-GreenBelinda,FeekClare,FergusonRachel,FergussonJulia,FetherstonMichael ,FieldKingsley,FieldClaire ,FinlaysonMinka,FirthAmanda,FisherDavid ,FisherTom,FitzsimonsBette ,FlaglerPamela ,FlemingSheila,ForbesGerald,FordColin,FordKay,ForresterGlenn,ForsythStewart,ForsythKath,FouhySarah,FoyClio,FrancisJames ,FrankhamMark,FryerDon,FuchsHelen,Gale-ColvinMary,GardenerSue,GardinerDianne,GardinerChris,GardnerMaree,GatelyAndrew,GawithEdward,Gay Brian,GaynorTony,GeeMark ,GentryJohn,GibbEloise,GibsonAnne ,GibsonAdam ,GiffordCharles,Gill Martin,GillionVaughan,GinsonShenagh,GleesonAlyson,GoftonTroy,GoodallPatrick ,GowerJolisa,GracewoodJames,GrahamJames,GrahamGinny,GrantWynne,GrayJames,GriffinPeter,GriffinGeoff,GriggsCharlotte,GrimshawLaurence,GrobelCatherine ,GroenesteinPaul ,GroganNicholas,GrovesMichael ,GuerinIain,GuilliardSheridan,GundryAl,GuthrieMatthew ,HaggartKris,HallTerry,HallDavid ,HallAlistair,Hall James,HallidayLynda,HallinanJeremy,HansenCarolyn,HansenChristine,HarperIan,HarrisCatherine ,Harris Debbie,HarrisonSteve,HartJohn,HarteveltSimon,HartleySiobhan,HarveySarah,HarveyHelen,HarveyDianah,HawkenJohn,HawkesbyDonna,HayLinda,HayesVincent,HeeringaRuth,HendersonCarolyn,HenwoodGraham ,HepburnRosemary ,HepozdenKris,HerbertLinda,HerrickMichele ,HewitsonFionna,HillDavid,HillRuth,HillDavid ,HillBriony,HillDeborah ,Hill ConeNaylor,HillaryMurray,HillsJo,HillsIsaac,Hinden MillerGerard,HindmarshBruce,HollowayMary,HolmPaul ,HolmesAlison,HolstSimon,HolstMonica,HoltLyndon,HoodDon,HopeDebra,HopeJim ,HopkinsTania,HorneGarry,HoulahanMark,HoulahanTrisha ,HoundShelley,HowellsAnthony,HubbardLyn,Humphries,Joanna,Hunkin,Tom,Hunter,Tim,Hunter,John,Hurrell,Nikki,Hurt,Pam ,Hutton,Tom,Hyde,James,Ihaka,Denise,Irvine,Janetta,Jackson,Lauraine ,Jacobs,Julie,Jacobson,Colin,James,colinjames@synapsis.co.nzColin,James,Andrew,Janes,Peter,Jessup,,,Stephen,Jewell,,,Dana,Johannsen,,,David ,Johnson,,,Kirsty,Johnston ,,,Duncan,Johnstone,,,Cliff ,Joiner,,,Pam ,Jones,,,Penny,Jones,,,Abbie & Mark ,Jury,,,Chris,Kalderimis,,,Raybon ,Kan,,,Madeleine,Kane,,,Scott,Kara,,,Cactus,Kate,,,Tanya,Katterns,,,Martin,KayJim ,KayesSue,KedgleyHamish,KeithLeighton,KeithGeoff,KellyAndy,KenworthyBen,KepesSteve,KilgallonSam,KimPeter,KingPaul,KingMarcus,KingPeter,KitchenPhil,KitchinKim,KnightAndrew  ,KourbaridisTrudie,KroefDenise,L'Estrange CorbetPebbles,L'Estrange CorbetLindy,LairdAmanda,LairdAnnette,LamblySarah,LangAnnabel ,LangbeinSusie,LangdellJohn,LangleyRobyn ,LangwellDavid ,LarsenVirginia ,LarsonEugenia,LastRuth,LaugesonTina,LawMichael ,LawsAaron,LeamanDave,LeggettVal ,LevesonRebecca,LewisPenny,LewisKen,LewisLiz,LightDiana,LilburnDavid ,LinklaterAmanda,LinnellPaul ,LittleIan,LlewellynDouglas ,Lloyd JenkinsRichard,LongRick,LongGeoff,LongleyMary,LongmoreYvonne-Marie,LorkinDavid,LoughreyAndrew ,LouisGraham ,LoweRobert,LoweMick,LuddenShannon,LushKate ,LynchFinlay,MacDonaldRebecca,MacfieJohn,MacGibbonDavid ,MacgregorJanetta,MacKayKeith,MackyTrish ,MackyTerry,MaddafordSuzanne,MahaffieDavid ,MaidaPeter,MalcouronneAdrian,MallochGreg ,MaloufAdam ,MamoRosie,ManinsCrystal,MannAnna ,MarkowichGuy ,MarriageJonathan,Marshall Andrew ,MarshallPaul,MarshallRobin,MartinCharles,MartinAndy ,MartinPaul ,MaseykJohn ,MaslinCatherine ,MastersPhilip,MatthewsRob,MatzigKevin,MayDebbie,Mayo-SmithBob,MaysmonChristine,McBrideClaire ,McCallNoelle,McCarthyAngela,McCarthyJohn,McCroneMurray,McCullyGreer,McDonaldSarah,McDonaldEwan,McDonaldAna,McDonaldClaire ,McEnteeAllegra,McEvedyDavid ,McEwenSuzanne,McFaddenAndy,McGechanMichael,McGurkDonna,McIntyreBruce,McKayRoss,McKayMichal,McKayJanetta,McKayMichael ,McKayGlenn,McKeenDene,McKenzieAaron,McLeanElspeth,McLeanGlenn,McLeanBethney,McLennanRosemary ,McLeodAlistair,McMurranDenise,McNabTJ,McNamaraJosie,McNaughtIona,McNaughtonJoanne,McNeill Hamish,McNeillyDavid ,McPhailRay ,McVinnieHayden ,MeiklePhillip,MelchiorLynsey,MellowsPenny,MilesSarah,MillerJennie,MilsomTapu ,MisaSean,MonaghanKate ,MonahanSue,MoodyLeanne,MooreDave,MooreChristopher,MooreColin,MooreCynthia,MorahanJon ,Morgan,Gareth,Morgan,Roger,Moroney,Roger,Moroney,Amanda,Morrall,Amanda,Morrall,Colin,Morris,Frances ,Morton,Jamie,Morton,Victoria,Moss,Nickie,Muir,nickie.muir@clear.net.nzDev,Nadkarni,Gwendolyn,Needham,Jeff,Neems,Frank & Muriel,Newman,Keith,Ng,Lane,NicolsChristine,NikielMatt,NippertAl,NisbetMatt ,NolanCheryl,NorrieAlan,O'BeirneGregory,O'BrienPhil ,O'ReillyFran ,O'SullivanYvonne,OomenBernard,OrsmanJoanna,OrwinAnn,PackerFarah,PalmerHarriet,PalmerAmokura ,PanohoAkura,PardingtonJohn ,ParkerTamsyn,ParkerDean,ParkerSimeon,PatienceBob,PearceEvan,PegdenJo,PercivalMaina,PerrotAlan,PerrottJohn,PerryMike,PetersonMatthew ,PhilpNancy ,PickensIvan,PickensArnold,PickmereJim ,PinckneyTodd,PitockNeil,PlimmerNatalie,PolandDebbie,PorteousNikki,PrestonNoel,PrestonRuth,PrettyFrancesca,PriceVicki,PriceLiz,ProctorWiremu,PukeTom,Pullar-StreckerMalcolm,PullmanSarah,QuigleyFiona ,RaeBill,RalstonAidan,RasmussenWarwick ,RasmussenChris,RattueDavid ,ReedGraham ,ReidAdrienne,RewiMatt,RichensAmy,RidoutMatt,RilkoffHelene,RitchieMark,RoachRosemary ,Roberts Fiona ,RobertsonGreg,RobertsonJim ,RobinsonToby,RobsonAidan,RodleyWarwick ,RogerJoseph,RomanosJoseph,RomanosFelicity,RookesMike,RoseNeil,RosenthalKimberley,RothwellAlison,RuddBrian,RudmanKim,RuscoePaul ,RushDonna,RussellAlice,RycroftAna,SamwaysRosie,SandersonEstelle,SarneyPeter,SaundersJared,SavageGlen,ScanlonNatalia,SchamrothEdith,SchofieldHank,SchoutonChris,SchulzTom,ScottMike,ScottSteve,ScottAdrian,SeconiJane,SewellAdy,ShannonMarty,SharpeSteven,ShawPeter,ShawMike,ShawKaryn,ShearerBrent,SheatherBrooke,SheehanEmma,SheppardVenetia,ShersonRosa,ShielsChris,ShortGeoff,SimmonsPeter,SimpsonKay,SinclairJane ,SkiltonDavid ,SlackMaria ,SladeVladka,SlivovaAlistair,SloaneAaron,SmaleVernon,SmallNatalie,SmithFiona ,SmithJason,SmithJacqueline,SmithHayden ,SmithCatherine ,SmithMegan,SmithColin,SmithPatrick ,SmithGuy ,SomersetGill,SouthGeoff,Spearpoint,,,Greg ,Stack,,,Ben,Stanley,,,Marta,Steeman,,,Marta,Steeman,,,Sharon ,Stephenson,,,Philippa,Stevenson,,,Tanya,Stevenson,,,Ian,Steward,,,Matt,Stewart,,,Keith,Stewart,,,Pamela ,Stirling,,,Tracey,Strange,,,Tayler,Strong,,,Ken,Strongman,,,Warrick,Sue,,,Simon,SweetmanYvonne,TahanaLincoln ,TanRebecca,TansleyDr Rawiri,TaonuiValmoana,TapaleaoLee ,TaylorColin,TaylorPhil,TaylorAnnette,TaylorDeborah ,TelfordEmma,TelsmaRosemary ,ThodeyAbi,ThomasPaul ,ThomasEric ,ThompsonWayne,ThompsonJames,ThompsonJeff,ThomsonMargie ,ThomsonPeter,ThorleyAnne ,ThorpMartin,TiffanyRachel,TiffenMisa ,TipuJane ,TolertonEve,TonkinGreg ,TourelleClaire ,TrevittSteve,TrotmanChris,TrotterChris,TrotterRobyn ,TrowerJim ,TuckerGraeme ,TuckettInga,TuigamalaOlivia ,TullyJim ,TullyHelen ,TwoseKerry,TyackKerry,TyackSimon,UptonAllen,Uren?Angelique,van CampRoeland,van den BerghRoeland,van den BerghYvonne,Van DongenLynda,Van KempenBeck,VassNick,VenterSteve,VermeulenBrett,WagnerNakita,WairepoPhilip,WakefieldRosie,WalfordKeri,WalhamCharles,WalkerSteve,WalkerZoe,WalkerTony,WallHolly,WallaceNeal,WallaceHayden ,WallesJeff,WaltersJoanna,WaneAnn ,WarnockTracy ,WatkinsEmily,WattMary,WebbKathy,WebbMary,WebbKathryn,WebsterPenny,WebsterJames,WeirRobyn ,WelshMargo,WhiteMike,WhiteJenha,WhiteDigby,WilkinsonYvonne,WilleringVic,WilliamsChris ,WilliamsCaryl,WilliamsonKerry,WilliamsonScott,WilliamsonMark,WilsonGraeme ,WilsonGareth,WinterScott,WintonDiana ,WitchtelFelicity,WolfePaea,WolfgrammLindsay,WoodStacy,WoodSimon,WoodPeter,WoodAndrew Paul,Wood,,,Richard,Wood,,,Fred,Woodcock,,,Sam,Worthington,,,Jane,Wrigglesworth,,,Daniel,Wrightson,,,Leeann,Yare,,,Shaun,Yeo,,,Simon,Young,,,Annabel ,Young,,,Audrey,Young,,,Mike,Yule,mike@censorship.govt.nz,,Diana,Zadravac,,,Alessandra,Zecchini,,,Hannah,Zwartz,,,